{
  "variants": {
    "": [
      { "model": "block/lily_pad" },
      { "model": "block/lily_pad", "y": 90 },
      { "model": "block/lily_pad", "y": 180 },
      { "model": "block/lily_pad", "y": 270 },
      { "model": "block/lily_pad_flower", "weight": 5 },
      { "model": "block/lily_pad_flower", "y": 90 },
      { "model": "block/lily_pad_flower", "y": 180 },
      { "model": "block/lily_pad_flower", "y": 270 },
      { "model": "block/lily_pad_flower_0", "weight": 5 },
      { "model": "block/lily_pad_flower", "y": 90 },
      { "model": "block/lily_pad_flower", "y": 180 },
      { "model": "block/lily_pad_flower", "y": 270 },
      { "model": "block/lily_pad_flower_1", "weight": 5 },
      { "model": "block/lily_pad_flower", "y": 90 },
      { "model": "block/lily_pad_flower", "y": 180 },
      { "model": "block/lily_pad_flower", "y": 270 }
    ]
  }
}
